"territory","actual","predicted"
"Rural",665.889937482238,509.160068723621
"Suburban",1139.33597561705,860.054054659811
"Urban",2310.85030836619,1782.1527819119
